time_s,z_m,ux,uy,uz
0.000000000000000000e+00,-1.000000000000000021e-03,0.000000000000000000e+00,0.000000000000000000e+00,0.000000000000000000e+00
0.000000000000000000e+00,-5.000000000000000104e-04,0.000000000000000000e+00,0.000000000000000000e+00,0.000000000000000000e+00
0.000000000000000000e+00,0.000000000000000000e+00,0.000000000000000000e+00,0.000000000000000000e+00,0.000000000000000000e+00
0.000000000000000000e+00,5.000000000000000104e-04,0.000000000000000000e+00,0.000000000000000000e+00,0.000000000000000000e+00
0.000000000000000000e+00,1.000000000000000021e-03,0.000000000000000000e+00,0.000000000000000000e+00,0.000000000000000000e+00
4.981684981684981708e-06,-1.000000000000000021e-03,0.000000000000000000e+00,0.000000000000000000e+00,1.362332755435279629e-06
4.981684981684981708e-06,-5.000000000000000104e-04,0.000000000000000000e+00,0.000000000000000000e+00,1.077276597208501990e-06
4.981684981684981708e-06,0.000000000000000000e+00,0.000000000000000000e+00,0.000000000000000000e+00,8.984335894539866059e-07
4.981684981684981708e-06,5.000000000000000104e-04,0.000000000000000000e+00,0.000000000000000000e+00,8.060931394794417100e-07
4.981684981684981708e-06,1.000000000000000021e-03,0.000000000000000000e+00,0.000000000000000000e+00,7.719601990252460478e-07
9.963369963369963416e-06,-1.000000000000000021e-03,0.000000000000000000e+00,0.000000000000000000e+00,5.341131444450492482e-06
9.963369963369963416e-06,-5.000000000000000104e-04,0.000000000000000000e+00,0.000000000000000000e+00,4.412957721528525884e-06
9.963369963369963416e-06,0.000000000000000000e+00,0.000000000000000000e+00,0.000000000000000000e+00,3.827064326725694354e-06
9.963369963369963416e-06,5.000000000000000104e-04,0.000000000000000000e+00,0.000000000000000000e+00,3.522029918233246841e-06
9.963369963369963416e-06,1.000000000000000021e-03,0.000000000000000000e+00,0.000000000000000000e+00,3.405501935854341756e-06
1.494505494505494512e-05,-1.000000000000000021e-03,0.000000000000000000e+00,0.000000000000000000e+00,1.089916008487998022e-05
1.494505494505494512e-05,-5.000000000000000104e-04,0.000000000000000000e+00,0.000000000000000000e+00,9.404242638320061963e-06
1.494505494505494512e-05,0.000000000000000000e+00,0.000000000000000000e+00,0.000000000000000000e+00,8.456916574423943868e-06
1.494505494505494512e-05,5.000000000000000104e-04,0.000000000000000000e+00,0.000000000000000000e+00,7.958508488414552741e-06
1.494505494505494512e-05,1.000000000000000021e-03,0.000000000000000000e+00,0.000000000000000000e+00,7.761229472222798132e-06
1.992673992673992683e-05,-1.000000000000000021e-03,0.000000000000000000e+00,0.000000000000000000e+00,1.757702977781511286e-05
1.992673992673992683e-05,-5.000000000000000104e-04,0.000000000000000000e+00,0.000000000000000000e+00,1.560876360172206250e-05
1.992673992673992683e-05,0.000000000000000000e+00,0.000000000000000000e+00,0.000000000000000000e+00,1.436289638977047777e-05
1.992673992673992683e-05,5.000000000000000104e-04,0.000000000000000000e+00,0.000000000000000000e+00,1.370482323804322184e-05
1.992673992673992683e-05,1.000000000000000021e-03,0.000000000000000000e+00,0.000000000000000000e+00,1.343855527113804225e-05
2.490842490842490854e-05,-1.000000000000000021e-03,0.000000000000000000e+00,0.000000000000000000e+00,2.489224913754258827e-05
2.490842490842490854e-05,-5.000000000000000104e-04,0.000000000000000000e+00,0.000000000000000000e+00,2.258902893857258728e-05
2.490842490842490854e-05,0.000000000000000000e+00,0.000000000000000000e+00,0.000000000000000000e+00,2.113089050122193168e-05
2.490842490842490854e-05,5.000000000000000104e-04,0.000000000000000000e+00,0.000000000000000000e+00,2.035835265186651053e-05
2.490842490842490854e-05,1.000000000000000021e-03,0.000000000000000000e+00,0.000000000000000000e+00,2.003855466449962975e-05
2.989010989010989025e-05,-1.000000000000000021e-03,0.000000000000000000e+00,0.000000000000000000e+00,3.237905552090038685e-05
2.989010989010989025e-05,-5.000000000000000104e-04,0.000000000000000000e+00,0.000000000000000000e+00,2.988893010308409922e-05
2.989010989010989025e-05,0.000000000000000000e+00,0.000000000000000000e+00,0.000000000000000000e+00,2.830940815669873601e-05
2.989010989010989025e-05,5.000000000000000104e-04,0.000000000000000000e+00,0.000000000000000000e+00,2.746855188010618472e-05
2.989010989010989025e-05,1.000000000000000021e-03,0.000000000000000000e+00,0.000000000000000000e+00,2.711295435689340576e-05
3.487179487179486857e-05,-1.000000000000000021e-03,0.000000000000000000e+00,0.000000000000000000e+00,3.988790061221076364e-05
3.487179487179486857e-05,-5.000000000000000104e-04,0.000000000000000000e+00,0.000000000000000000e+00,3.729349686927573465e-05
3.487179487179486857e-05,0.000000000000000000e+00,0.000000000000000000e+00,0.000000000000000000e+00,3.564416782975273965e-05
3.487179487179486857e-05,5.000000000000000104e-04,0.000000000000000000e+00,0.000000000000000000e+00,3.476289145768546513e-05
3.487179487179486857e-05,1.000000000000000021e-03,0.000000000000000000e+00,0.000000000000000000e+00,3.438424991144961579e-05
3.985347985347985366e-05,-1.000000000000000021e-03,0.000000000000000000e+00,0.000000000000000000e+00,4.755788905873877779e-05
3.985347985347985366e-05,-5.000000000000000104e-04,0.000000000000000000e+00,0.000000000000000000e+00,4.486014685709102998e-05
3.985347985347985366e-05,0.000000000000000000e+00,0.000000000000000000e+00,0.000000000000000000e+00,4.314183767857662923e-05
3.985347985347985366e-05,5.000000000000000104e-04,0.000000000000000000e+00,0.000000000000000000e+00,4.222107922112943384e-05
3.985347985347985366e-05,1.000000000000000021e-03,0.000000000000000000e+00,0.000000000000000000e+00,4.182132174087285412e-05
4.483516483516483198e-05,-1.000000000000000021e-03,0.000000000000000000e+00,0.000000000000000000e+00,5.497081699533389753e-05
4.483516483516483198e-05,-5.000000000000000104e-04,0.000000000000000000e+00,0.000000000000000000e+00,5.226423851558868131e-05
4.483516483516483198e-05,0.000000000000000000e+00,0.000000000000000000e+00,0.000000000000000000e+00,5.053777172664230101e-05
4.483516483516483198e-05,5.000000000000000104e-04,0.000000000000000000e+00,0.000000000000000000e+00,4.960895506290390820e-05
4.483516483516483198e-05,1.000000000000000021e-03,0.000000000000000000e+00,0.000000000000000000e+00,4.919986332269565485e-05
4.981684981684981708e-05,-1.000000000000000021e-03,0.000000000000000000e+00,0.000000000000000000e+00,6.222983256589581307e-05
4.981684981684981708e-05,-5.000000000000000104e-04,0.000000000000000000e+00,0.000000000000000000e+00,5.953120012983444700e-05
4.981684981684981708e-05,0.000000000000000000e+00,0.000000000000000000e+00,0.000000000000000000e+00,5.781010422263061106e-05
4.981684981684981708e-05,5.000000000000000104e-04,0.000000000000000000e+00,0.000000000000000000e+00,5.688216892473145036e-05
4.981684981684981708e-05,1.000000000000000021e-03,0.000000000000000000e+00,0.000000000000000000e+00,5.646950015038655813e-05
5.479853479853479540e-05,-1.000000000000000021e-03,0.000000000000000000e+00,0.000000000000000000e+00,6.964252546098784018e-05
5.479853479853479540e-05,-5.000000000000000104e-04,0.000000000000000000e+00,0.000000000000000000e+00,6.691070289954407894e-05
5.479853479853479540e-05,0.000000000000000000e+00,0.000000000000000000e+00,0.000000000000000000e+00,6.516785811372805947e-05
5.479853479853479540e-05,5.000000000000000104e-04,0.000000000000000000e+00,0.000000000000000000e+00,6.422673890662924706e-05
5.479853479853479540e-05,1.000000000000000021e-03,0.000000000000000000e+00,0.000000000000000000e+00,6.380598644630649174e-05
5.978021978021978049e-05,-1.000000000000000021e-03,0.000000000000000000e+00,0.000000000000000000e+00,7.672187212705870783e-05
5.978021978021978049e-05,-5.000000000000000104e-04,0.000000000000000000e+00,0.000000000000000000e+00,7.405290439693750946e-05
5.978021978021978049e-05,0.000000000000000000e+00,0.000000000000000000e+00,0.000000000000000000e+00,7.234749833815438307e-05
5.978021978021978049e-05,5.000000000000000104e-04,0.000000000000000000e+00,0.000000000000000000e+00,7.142250015982807253e-05
5.978021978021978049e-05,1.000000000000000021e-03,0.000000000000000000e+00,0.000000000000000000e+00,7.100334888812013330e-05
6.476190476190475881e-05,-1.000000000000000021e-03,0.000000000000000000e+00,0.000000000000000000e+00,8.367400406483986705e-05
6.476190476190475881e-05,-5.000000000000000104e-04,0.000000000000000000e+00,0.000000000000000000e+00,8.104676485242719814e-05
6.476190476190475881e-05,0.000000000000000000e+00,0.000000000000000000e+00,0.000000000000000000e+00,7.936758803775279653e-05
6.476190476190475881e-05,5.000000000000000104e-04,0.000000000000000000e+00,0.000000000000000000e+00,7.845595776673344257e-05
6.476190476190475881e-05,1.000000000000000021e-03,0.000000000000000000e+00,0.000000000000000000e+00,7.804002583776395376e-05
6.974358974358973713e-05,-1.000000000000000021e-03,0.000000000000000000e+00,0.000000000000000000e+00,9.068233873720288915e-05
6.974358974358973713e-05,-5.000000000000000104e-04,0.000000000000000000e+00,0.000000000000000000e+00,8.805530071318660719e-05
6.974358974358973713e-05,0.000000000000000000e+00,0.000000000000000000e+00,0.000000000000000000e+00,8.637524853691247136e-05
6.974358974358973713e-05,5.000000000000000104e-04,0.000000000000000000e+00,0.000000000000000000e+00,8.546293249317598087e-05
6.974358974358973713e-05,1.000000000000000021e-03,0.000000000000000000e+00,0.000000000000000000e+00,8.504541012509720971e-05
7.472527472527471545e-05,-1.000000000000000021e-03,0.000000000000000000e+00,0.000000000000000000e+00,9.720418417555848443e-05
7.472527472527471545e-05,-5.000000000000000104e-04,0.000000000000000000e+00,0.000000000000000000e+00,9.467766912767285438e-05
7.472527472527471545e-05,0.000000000000000000e+00,0.000000000000000000e+00,0.000000000000000000e+00,9.305977349940015549e-05
7.472527472527471545e-05,5.000000000000000104e-04,0.000000000000000000e+00,0.000000000000000000e+00,9.217727641169185665e-05
7.472527472527471545e-05,1.000000000000000021e-03,0.000000000000000000e+00,0.000000000000000000e+00,9.176821538352090708e-05
7.970695970695970732e-05,-1.000000000000000021e-03,0.000000000000000000e+00,0.000000000000000000e+00,1.037119128318696464e-04
7.970695970695970732e-05,-5.000000000000000104e-04,0.000000000000000000e+00,0.000000000000000000e+00,1.012168344663024009e-04
7.970695970695970732e-05,0.000000000000000000e+00,0.000000000000000000e+00,0.000000000000000000e+00,9.961987073397229322e-05
7.970695970695970732e-05,5.000000000000000104e-04,0.000000000000000000e+00,0.000000000000000000e+00,9.874878241178681863e-05
7.970695970695970732e-05,1.000000000000000021e-03,0.000000000000000000e+00,0.000000000000000000e+00,9.834405926043414425e-05
8.468864468864468564e-05,-1.000000000000000021e-03,0.000000000000000000e+00,0.000000000000000000e+00,1.101938221281026223e-04
8.468864468864468564e-05,-5.000000000000000104e-04,0.000000000000000000e+00,0.000000000000000000e+00,1.077279287399257927e-04
8.468864468864468564e-05,0.000000000000000000e+00,0.000000000000000000e+00,0.000000000000000000e+00,1.061477784615366725e-04
8.468864468864468564e-05,5.000000000000000104e-04,0.000000000000000000e+00,0.000000000000000000e+00,1.052838984185454791e-04
8.468864468864468564e-05,1.000000000000000021e-03,0.000000000000000000e+00,0.000000000000000000e+00,1.048809667734602224e-04
8.967032967032966396e-05,-1.000000000000000021e-03,0.000000000000000000e+00,0.000000000000000000e+00,1.162040426995493008e-04
8.967032967032966396e-05,-5.000000000000000104e-04,0.000000000000000000e+00,0.000000000000000000e+00,1.138555456860584057e-04
8.967032967032966396e-05,0.000000000000000000e+00,0.000000000000000000e+00,0.000000000000000000e+00,1.123484323588086833e-04
8.967032967032966396e-05,5.000000000000000104e-04,0.000000000000000000e+00,0.000000000000000000e+00,1.115207512904884421e-04
8.967032967032966396e-05,1.000000000000000021e-03,0.000000000000000000e+00,0.000000000000000000e+00,1.111296308493817250e-04
9.465201465201464228e-05,-1.000000000000000021e-03,0.000000000000000000e+00,0.000000000000000000e+00,1.222520049765353999e-04
9.465201465201464228e-05,-5.000000000000000104e-04,0.000000000000000000e+00,0.000000000000000000e+00,1.199334459749104218e-04
9.465201465201464228e-05,0.000000000000000000e+00,0.000000000000000000e+00,0.000000000000000000e+00,1.184471928185355246e-04
9.465201465201464228e-05,5.000000000000000104e-04,0.000000000000000000e+00,0.000000000000000000e+00,1.176328542993244799e-04
9.465201465201464228e-05,1.000000000000000021e-03,0.000000000000000000e+00,0.000000000000000000e+00,1.172478998138951582e-04
9.963369963369963416e-05,-1.000000000000000021e-03,0.000000000000000000e+00,0.000000000000000000e+00,1.281216094693699665e-04
9.963369963369963416e-05,-5.000000000000000104e-04,0.000000000000000000e+00,0.000000000000000000e+00,1.258597252054434695e-04
9.963369963369963416e-05,0.000000000000000000e+00,0.000000000000000000e+00,0.000000000000000000e+00,1.244081468136847230e-04
9.963369963369963416e-05,5.000000000000000104e-04,0.000000000000000000e+00,0.000000000000000000e+00,1.236110168553393148e-04
9.963369963369963416e-05,1.000000000000000021e-03,0.000000000000000000e+00,0.000000000000000000e+00,1.232320036563101741e-04
1.046153846153846125e-04,-1.000000000000000021e-03,0.000000000000000000e+00,0.000000000000000000e+00,1.336320158292465885e-04
1.046153846153846125e-04,-5.000000000000000104e-04,0.000000000000000000e+00,0.000000000000000000e+00,1.314643118506998861e-04
1.046153846153846125e-04,0.000000000000000000e+00,0.000000000000000000e+00,0.000000000000000000e+00,1.300719655213711560e-04
1.046153846153846125e-04,5.000000000000000104e-04,0.000000000000000000e+00,0.000000000000000000e+00,1.293051411019240321e-04
1.046153846153846125e-04,1.000000000000000021e-03,0.000000000000000000e+00,0.000000000000000000e+00,1.289374203064165450e-04
1.095970695970695908e-04,-1.000000000000000021e-03,0.000000000000000000e+00,0.000000000000000000e+00,1.391745844952860126e-04
1.095970695970695908e-04,-5.000000000000000104e-04,0.000000000000000000e+00,0.000000000000000000e+00,1.370349896265137012e-04
1.095970695970695908e-04,0.000000000000000000e+00,0.000000000000000000e+00,0.000000000000000000e+00,1.356612061474055705e-04
1.095970695970695908e-04,5.000000000000000104e-04,0.000000000000000000e+00,0.000000000000000000e+00,1.349053205107468188e-04
1.095970695970695908e-04,1.000000000000000021e-03,0.000000000000000000e+00,0.000000000000000000e+00,1.345429468804206700e-04
1.145787545787545691e-04,-1.000000000000000021e-03,0.000000000000000000e+00,0.000000000000000000e+00,1.445280246007108415e-04
1.145787545787545691e-04,-5.000000000000000104e-04,0.000000000000000000e+00,0.000000000000000000e+00,1.424532931656678075e-04
1.145787545787545691e-04,0.000000000000000000e+00,0.000000000000000000e+00,0.000000000000000000e+00,1.411190819641989526e-04
1.145787545787545691e-04,5.000000000000000104e-04,0.000000000000000000e+00,0.000000000000000000e+00,1.403822437838416772e-04
1.145787545787545691e-04,1.000000000000000021e-03,0.000000000000000000e+00,0.000000000000000000e+00,1.400266355820682488e-04
1.195604395604395610e-04,-1.000000000000000021e-03,0.000000000000000000e+00,0.000000000000000000e+00,1.496104033942602688e-04
1.195604395604395610e-04,-5.000000000000000104e-04,0.000000000000000000e+00,0.000000000000000000e+00,1.476198718829417503e-04
1.195604395604395610e-04,0.000000000000000000e+00,0.000000000000000000e+00,0.000000000000000000e+00,1.463394115387069172e-04
1.195604395604395610e-04,5.000000000000000104e-04,0.000000000000000000e+00,0.000000000000000000e+00,1.456309434724527513e-04
1.195604395604395610e-04,1.000000000000000021e-03,0.000000000000000000e+00,0.000000000000000000e+00,1.452863595803574376e-04
1.245421245421245258e-04,-1.000000000000000021e-03,0.000000000000000000e+00,0.000000000000000000e+00,1.546167740203628843e-04
1.245421245421245258e-04,-5.000000000000000104e-04,0.000000000000000000e+00,0.000000000000000000e+00,1.526742235053215864e-04
1.245421245421245258e-04,0.000000000000000000e+00,0.000000000000000000e+00,0.000000000000000000e+00,1.514249353630928261e-04
1.245421245421245258e-04,5.000000000000000104e-04,0.000000000000000000e+00,0.000000000000000000e+00,1.507340527974220575e-04
1.245421245421245258e-04,1.000000000000000021e-03,0.000000000000000000e+00,0.000000000000000000e+00,1.503971477111984737e-04
1.295238095238095176e-04,-1.000000000000000021e-03,0.000000000000000000e+00,0.000000000000000000e+00,1.594960702068597949e-04
1.295238095238095176e-04,-5.000000000000000104e-04,0.000000000000000000e+00,0.000000000000000000e+00,1.576024620069633260e-04
1.295238095238095176e-04,0.000000000000000000e+00,0.000000000000000000e+00,0.000000000000000000e+00,1.563836745858490239e-04
1.295238095238095176e-04,5.000000000000000104e-04,0.000000000000000000e+00,0.000000000000000000e+00,1.557084561435829822e-04
1.295238095238095176e-04,1.000000000000000021e-03,0.000000000000000000e+00,0.000000000000000000e+00,1.553781179081522245e-04
1.345054945054945095e-04,-1.000000000000000021e-03,0.000000000000000000e+00,0.000000000000000000e+00,1.641205123634745038e-04
1.345054945054945095e-04,-5.000000000000000104e-04,0.000000000000000000e+00,0.000000000000000000e+00,1.623011390603821907e-04
1.345054945054945095e-04,0.000000000000000000e+00,0.000000000000000000e+00,0.000000000000000000e+00,1.611292089642048079e-04
1.345054945054945095e-04,5.000000000000000104e-04,0.000000000000000000e+00,0.000000000000000000e+00,1.604781823384435289e-04
1.345054945054945095e-04,1.000000000000000021e-03,0.000000000000000000e+00,0.000000000000000000e+00,1.601574717573780266e-04
1.394871794871794743e-04,-1.000000000000000021e-03,0.000000000000000000e+00,0.000000000000000000e+00,1.686678237275126082e-04
1.394871794871794743e-04,-5.000000000000000104e-04,0.000000000000000000e+00,0.000000000000000000e+00,1.668944500507597395e-04
1.394871794871794743e-04,0.000000000000000000e+00,0.000000000000000000e+00,0.000000000000000000e+00,1.657521994471930222e-04
1.394871794871794743e-04,5.000000000000000104e-04,0.000000000000000000e+00,0.000000000000000000e+00,1.651176034593504949e-04
1.394871794871794743e-04,1.000000000000000021e-03,0.000000000000000000e+00,0.000000000000000000e+00,1.648042203483573206e-04
1.444688644688644661e-04,-1.000000000000000021e-03,0.000000000000000000e+00,0.000000000000000000e+00,1.731716234560152611e-04
1.444688644688644661e-04,-5.000000000000000104e-04,0.000000000000000000e+00,0.000000000000000000e+00,1.714342448962477160e-04
1.444688644688644661e-04,0.000000000000000000e+00,0.000000000000000000e+00,0.000000000000000000e+00,1.703150879614693375e-04
1.444688644688644661e-04,5.000000000000000104e-04,0.000000000000000000e+00,0.000000000000000000e+00,1.696929646940509209e-04
1.444688644688644661e-04,1.000000000000000021e-03,0.000000000000000000e+00,0.000000000000000000e+00,1.693850911761306428e-04
1.494505494505494309e-04,-1.000000000000000021e-03,0.000000000000000000e+00,0.000000000000000000e+00,1.773671152581153597e-04
1.494505494505494309e-04,-5.000000000000000104e-04,0.000000000000000000e+00,0.000000000000000000e+00,1.757155446289286062e-04
1.494505494505494309e-04,0.000000000000000000e+00,0.000000000000000000e+00,0.000000000000000000e+00,1.746502388326371150e-04
1.494505494505494309e-04,5.000000000000000104e-04,0.000000000000000000e+00,0.000000000000000000e+00,1.740556416084641930e-04
1.494505494505494309e-04,1.000000000000000021e-03,0.000000000000000000e+00,0.000000000000000000e+00,1.737581898764529521e-04
1.544322344322344228e-04,-1.000000000000000021e-03,0.000000000000000000e+00,0.000000000000000000e+00,1.815420106397364920e-04
1.544322344322344228e-04,-5.000000000000000104e-04,0.000000000000000000e+00,0.000000000000000000e+00,1.799216199825224205e-04
1.544322344322344228e-04,0.000000000000000000e+00,0.000000000000000000e+00,0.000000000000000000e+00,1.788767302118033091e-04
1.544322344322344228e-04,5.000000000000000104e-04,0.000000000000000000e+00,0.000000000000000000e+00,1.782946716677901637e-04
1.544322344322344228e-04,1.000000000000000021e-03,0.000000000000000000e+00,0.000000000000000000e+00,1.780038083747804002e-04
1.594139194139194146e-04,-1.000000000000000021e-03,0.000000000000000000e+00,0.000000000000000000e+00,1.856328658551353124e-04
1.594139194139194146e-04,-5.000000000000000104e-04,0.000000000000000000e+00,0.000000000000000000e+00,1.840495853684296040e-04
1.594139194139194146e-04,0.000000000000000000e+00,0.000000000000000000e+00,0.000000000000000000e+00,1.830277801560186931e-04
1.594139194139194146e-04,5.000000000000000104e-04,0.000000000000000000e+00,0.000000000000000000e+00,1.824573411213256766e-04
1.594139194139194146e-04,1.000000000000000021e-03,0.000000000000000000e+00,0.000000000000000000e+00,1.821716425704060244e-04
1.643956043956043794e-04,-1.000000000000000021e-03,0.000000000000000000e+00,0.000000000000000000e+00,1.893780780945510372e-04
1.643956043956043794e-04,-5.000000000000000104e-04,0.000000000000000000e+00,0.000000000000000000e+00,1.878849946492127439e-04
1.643956043956043794e-04,0.000000000000000000e+00,0.000000000000000000e+00,0.000000000000000000e+00,1.869199689408830849e-04
1.643956043956043794e-04,5.000000000000000104e-04,0.000000000000000000e+00,0.000000000000000000e+00,1.863787038266192836e-04
1.643956043956043794e-04,1.000000000000000021e-03,0.000000000000000000e+00,0.000000000000000000e+00,1.861041436119480229e-04
1.693772893772893713e-04,-1.000000000000000021e-03,0.000000000000000000e+00,0.000000000000000000e+00,1.932580184378068354e-04
1.693772893772893713e-04,-5.000000000000000104e-04,0.000000000000000000e+00,0.000000000000000000e+00,1.917661689273034132e-04
1.693772893772893713e-04,0.000000000000000000e+00,0.000000000000000000e+00,0.000000000000000000e+00,1.908039264225440347e-04
1.693772893772893713e-04,5.000000000000000104e-04,0.000000000000000000e+00,0.000000000000000000e+00,1.902671903804128907e-04
1.693772893772893713e-04,1.000000000000000021e-03,0.000000000000000000e+00,0.000000000000000000e+00,1.899967085624897707e-04
1.743589743589743632e-04,-1.000000000000000021e-03,0.000000000000000000e+00,0.000000000000000000e+00,1.969517963428996956e-04
1.743589743589743632e-04,-5.000000000000000104e-04,0.000000000000000000e+00,0.000000000000000000e+00,1.955184372102345899e-04
1.743589743589743632e-04,0.000000000000000000e+00,0.000000000000000000e+00,0.000000000000000000e+00,1.945921663334676662e-04
1.743589743589743632e-04,5.000000000000000104e-04,0.000000000000000000e+00,0.000000000000000000e+00,1.940724250951004993e-04
1.743589743589743632e-04,1.000000000000000021e-03,0.000000000000000000e+00,0.000000000000000000e+00,1.938081033137698504e-04
1.793406593406593279e-04,-1.000000000000000021e-03,0.000000000000000000e+00,0.000000000000000000e+00,2.003808176637921726e-04
1.793406593406593279e-04,-5.000000000000000104e-04,0.000000000000000000e+00,0.000000000000000000e+00,1.990211232354729238e-04
1.793406593406593279e-04,0.000000000000000000e+00,0.000000000000000000e+00,0.000000000000000000e+00,1.981417716089711744e-04
1.793406593406593279e-04,5.000000000000000104e-04,0.000000000000000000e+00,0.000000000000000000e+00,1.976474734485258945e-04
1.793406593406593279e-04,1.000000000000000021e-03,0.000000000000000000e+00,0.000000000000000000e+00,1.973935642112220937e-04
1.843223443223443198e-04,-1.000000000000000021e-03,0.000000000000000000e+00,0.000000000000000000e+00,2.039917657307742990e-04
1.843223443223443198e-04,-5.000000000000000104e-04,0.000000000000000000e+00,0.000000000000000000e+00,2.026181738719299869e-04
1.843223443223443198e-04,0.000000000000000000e+00,0.000000000000000000e+00,0.000000000000000000e+00,2.017309655972883604e-04
1.843223443223443198e-04,5.000000000000000104e-04,0.000000000000000000e+00,0.000000000000000000e+00,2.012346177810250987e-04
1.843223443223443198e-04,1.000000000000000021e-03,0.000000000000000000e+00,0.000000000000000000e+00,2.009823998728271191e-04
1.893040293040292846e-04,-1.000000000000000021e-03,0.000000000000000000e+00,0.000000000000000000e+00,2.074379891743114302e-04
1.893040293040292846e-04,-5.000000000000000104e-04,0.000000000000000000e+00,0.000000000000000000e+00,2.061085466752964881e-04
1.893040293040292846e-04,0.000000000000000000e+00,0.000000000000000000e+00,0.000000000000000000e+00,2.052481743622015136e-04
1.893040293040292846e-04,5.000000000000000104e-04,0.000000000000000000e+00,0.000000000000000000e+00,2.047639090971640889e-04
1.893040293040292846e-04,1.000000000000000021e-03,0.000000000000000000e+00,0.000000000000000000e+00,2.045160613204156420e-04
1.942857142857142764e-04,-1.000000000000000021e-03,0.000000000000000000e+00,0.000000000000000000e+00,2.106524780620159197e-04
1.942857142857142764e-04,-5.000000000000000104e-04,0.000000000000000000e+00,0.000000000000000000e+00,2.093834716341494027e-04
1.942857142857142764e-04,0.000000000000000000e+00,0.000000000000000000e+00,0.000000000000000000e+00,2.085622761857497257e-04
1.942857142857142764e-04,5.000000000000000104e-04,0.000000000000000000e+00,0.000000000000000000e+00,2.080995078593733986e-04
1.942857142857142764e-04,1.000000000000000021e-03,0.000000000000000000e+00,0.000000000000000000e+00,2.078606594136932781e-04
1.992673992673992683e-04,-1.000000000000000021e-03,0.000000000000000000e+00,0.000000000000000000e+00,2.137353355519771268e-04
1.992673992673992683e-04,-5.000000000000000104e-04,0.000000000000000000e+00,0.000000000000000000e+00,2.125205426068274485e-04
1.992673992673992683e-04,0.000000000000000000e+00,0.000000000000000000e+00,0.000000000000000000e+00,2.117336998628152980e-04
1.992673992673992683e-04,5.000000000000000104e-04,0.000000000000000000e+00,0.000000000000000000e+00,2.112892105818312449e-04
1.992673992673992683e-04,1.000000000000000021e-03,0.000000000000000000e+00,0.000000000000000000e+00,2.110587421005994204e-04
2.042490842490842331e-04,-1.000000000000000021e-03,0.000000000000000000e+00,0.000000000000000000e+00,2.169684870129414225e-04
2.042490842490842331e-04,-5.000000000000000104e-04,0.000000000000000000e+00,0.000000000000000000e+00,2.157434875875205004e-04
2.042490842490842331e-04,0.000000000000000000e+00,0.000000000000000000e+00,0.000000000000000000e+00,2.149514512139232491e-04
2.042490842490842331e-04,5.000000000000000104e-04,0.000000000000000000e+00,0.000000000000000000e+00,2.145064778583102632e-04
2.042490842490842331e-04,1.000000000000000021e-03,0.000000000000000000e+00,0.000000000000000000e+00,2.142775228684771615e-04
2.092307692307692249e-04,-1.000000000000000021e-03,0.000000000000000000e+00,0.000000000000000000e+00,2.199878210504262622e-04
2.092307692307692249e-04,-5.000000000000000104e-04,0.000000000000000000e+00,0.000000000000000000e+00,2.188178346785132661e-04
2.092307692307692249e-04,0.000000000000000000e+00,0.000000000000000000e+00,0.000000000000000000e+00,2.180596771091437857e-04
2.092307692307692249e-04,5.000000000000000104e-04,0.000000000000000000e+00,0.000000000000000000e+00,2.176304282819024167e-04
2.092307692307692249e-04,1.000000000000000021e-03,0.000000000000000000e+00,0.000000000000000000e+00,2.174069162158052764e-04
2.142124542124541897e-04,-1.000000000000000021e-03,0.000000000000000000e+00,0.000000000000000000e+00,2.229013228698320656e-04
2.142124542124541897e-04,-5.000000000000000104e-04,0.000000000000000000e+00,0.000000000000000000e+00,2.217637790828716861e-04
2.142124542124541897e-04,0.000000000000000000e+00,0.000000000000000000e+00,0.000000000000000000e+00,2.210264535267721618e-04
2.142124542124541897e-04,5.000000000000000104e-04,0.000000000000000000e+00,0.000000000000000000e+00,2.206096041480560741e-04
2.142124542124541897e-04,1.000000000000000021e-03,0.000000000000000000e+00,0.000000000000000000e+00,2.203919288480134893e-04
2.191941391941391816e-04,-1.000000000000000021e-03,0.000000000000000000e+00,0.000000000000000000e+00,2.258313327778198537e-04
2.191941391941391816e-04,-5.000000000000000104e-04,0.000000000000000000e+00,0.000000000000000000e+00,2.247082790242508656e-04
2.191941391941391816e-04,0.000000000000000000e+00,0.000000000000000000e+00,0.000000000000000000e+00,2.239808977026230732e-04
2.191941391941391816e-04,5.000000000000000104e-04,0.000000000000000000e+00,0.000000000000000000e+00,2.235697965835385659e-04
2.191941391941391816e-04,1.000000000000000021e-03,0.000000000000000000e+00,0.000000000000000000e+00,2.233557272678674617e-04
2.241758241758241735e-04,-1.000000000000000021e-03,0.000000000000000000e+00,0.000000000000000000e+00,2.286432723294229549e-04
2.241758241758241735e-04,-5.000000000000000104e-04,0.000000000000000000e+00,0.000000000000000000e+00,2.275555259572925289e-04
2.241758241758241735e-04,0.000000000000000000e+00,0.000000000000000000e+00,0.000000000000000000e+00,2.268504963759894228e-04
2.241758241758241735e-04,5.000000000000000104e-04,0.000000000000000000e+00,0.000000000000000000e+00,2.264511622266619990e-04
2.241758241758241735e-04,1.000000000000000021e-03,0.000000000000000000e+00,0.000000000000000000e+00,2.262419063922805576e-04
2.291575091575091382e-04,-1.000000000000000021e-03,0.000000000000000000e+00,0.000000000000000000e+00,2.312656973337370349e-04
2.291575091575091382e-04,-5.000000000000000104e-04,0.000000000000000000e+00,0.000000000000000000e+00,2.302335883831594038e-04
2.291575091575091382e-04,0.000000000000000000e+00,0.000000000000000000e+00,0.000000000000000000e+00,2.295634427321499701e-04
2.291575091575091382e-04,5.000000000000000104e-04,0.000000000000000000e+00,0.000000000000000000e+00,2.291823609889269040e-04
2.291575091575091382e-04,1.000000000000000021e-03,0.000000000000000000e+00,0.000000000000000000e+00,2.289805453801381789e-04
2.341391941391941301e-04,-1.000000000000000021e-03,0.000000000000000000e+00,0.000000000000000000e+00,2.340260523313270145e-04
2.341391941391941301e-04,-5.000000000000000104e-04,0.000000000000000000e+00,0.000000000000000000e+00,2.329872217584587747e-04
2.341391941391941301e-04,0.000000000000000000e+00,0.000000000000000000e+00,0.000000000000000000e+00,2.323137642353353580e-04
2.341391941391941301e-04,5.000000000000000104e-04,0.000000000000000000e+00,0.000000000000000000e+00,2.319331923085114311e-04
2.341391941391941301e-04,1.000000000000000021e-03,0.000000000000000000e+00,0.000000000000000000e+00,2.317333391979174467e-04
2.391208791208791220e-04,-1.000000000000000021e-03,0.000000000000000000e+00,0.000000000000000000e+00,2.365453883077742333e-04
2.391208791208791220e-04,-5.000000000000000104e-04,0.000000000000000000e+00,0.000000000000000000e+00,2.355568639394482397e-04
2.391208791208791220e-04,0.000000000000000000e+00,0.000000000000000000e+00,0.000000000000000000e+00,2.349144626355535313e-04
2.391208791208791220e-04,5.000000000000000104e-04,0.000000000000000000e+00,0.000000000000000000e+00,2.345482679830110037e-04
2.391208791208791220e-04,1.000000000000000021e-03,0.000000000000000000e+00,0.000000000000000000e+00,2.343540736292042278e-04
2.441025641025640867e-04,-1.000000000000000021e-03,0.000000000000000000e+00,0.000000000000000000e+00,2.388524678441099249e-04
2.441025641025640867e-04,-5.000000000000000104e-04,0.000000000000000000e+00,0.000000000000000000e+00,2.379126181165048203e-04
2.441025641025640867e-04,0.000000000000000000e+00,0.000000000000000000e+00,0.000000000000000000e+00,2.373021222141582262e-04
2.441025641025640867e-04,5.000000000000000104e-04,0.000000000000000000e+00,0.000000000000000000e+00,2.369543214877702650e-04
2.441025641025640867e-04,1.000000000000000021e-03,0.000000000000000000e+00,0.000000000000000000e+00,2.367680426506943035e-04
2.490842490842490515e-04,-1.000000000000000021e-03,0.000000000000000000e+00,0.000000000000000000e+00,2.414213460967640321e-04
2.490842490842490515e-04,-5.000000000000000104e-04,0.000000000000000000e+00,0.000000000000000000e+00,2.404753758726912386e-04
2.490842490842490515e-04,0.000000000000000000e+00,0.000000000000000000e+00,0.000000000000000000e+00,2.398617546238567693e-04
2.490842490842490515e-04,5.000000000000000104e-04,0.000000000000000000e+00,0.000000000000000000e+00,2.395132899095816744e-04
2.490842490842490515e-04,1.000000000000000021e-03,0.000000000000000000e+00,0.000000000000000000e+00,2.393281007667209456e-04
2.540659340659340705e-04,-1.000000000000000021e-03,0.000000000000000000e+00,0.000000000000000000e+00,2.438898539393216615e-04
2.540659340659340705e-04,-5.000000000000000104e-04,0.000000000000000000e+00,0.000000000000000000e+00,2.429778798263611955e-04
2.540659340659340705e-04,0.000000000000000000e+00,0.000000000000000000e+00,0.000000000000000000e+00,2.423848321870065905e-04
2.540659340659340705e-04,5.000000000000000104e-04,0.000000000000000000e+00,0.000000000000000000e+00,2.420460316320909011e-04
2.540659340659340705e-04,1.000000000000000021e-03,0.000000000000000000e+00,0.000000000000000000e+00,2.418644839759140602e-04
2.590476190476190353e-04,-1.000000000000000021e-03,0.000000000000000000e+00,0.000000000000000000e+00,2.460989756633681180e-04
2.590476190476190353e-04,-5.000000000000000104e-04,0.000000000000000000e+00,0.000000000000000000e+00,2.452203368769453255e-04
2.590476190476190353e-04,0.000000000000000000e+00,0.000000000000000000e+00,0.000000000000000000e+00,2.446487463386379517e-04
2.590476190476190353e-04,5.000000000000000104e-04,0.000000000000000000e+00,0.000000000000000000e+00,2.443220069233023681e-04
2.590476190476190353e-04,1.000000000000000021e-03,0.000000000000000000e+00,0.000000000000000000e+00,2.441457904626105429e-04
2.640293040293040000e-04,-1.000000000000000021e-03,0.000000000000000000e+00,0.000000000000000000e+00,2.482046906136570522e-04
2.640293040293040000e-04,-5.000000000000000104e-04,0.000000000000000000e+00,0.000000000000000000e+00,2.473443294997250668e-04
2.640293040293040000e-04,0.000000000000000000e+00,0.000000000000000000e+00,0.000000000000000000e+00,2.467846526508692758e-04
2.640293040293040000e-04,5.000000000000000104e-04,0.000000000000000000e+00,0.000000000000000000e+00,2.464647396260626023e-04
2.640293040293040000e-04,1.000000000000000021e-03,0.000000000000000000e+00,0.000000000000000000e+00,2.462926342463224059e-04
2.690109890109890190e-04,-1.000000000000000021e-03,0.000000000000000000e+00,0.000000000000000000e+00,2.501836568969180051e-04
2.690109890109890190e-04,-5.000000000000000104e-04,0.000000000000000000e+00,0.000000000000000000e+00,2.493704627456934950e-04
2.690109890109890190e-04,0.000000000000000000e+00,0.000000000000000000e+00,0.000000000000000000e+00,2.488410292628985532e-04
2.690109890109890190e-04,5.000000000000000104e-04,0.000000000000000000e+00,0.000000000000000000e+00,2.485372650097066255e-04
2.690109890109890190e-04,1.000000000000000021e-03,0.000000000000000000e+00,0.000000000000000000e+00,2.483725526081861121e-04
2.739926739926739838e-04,-1.000000000000000021e-03,0.000000000000000000e+00,0.000000000000000000e+00,2.520741585840959682e-04
2.739926739926739838e-04,-5.000000000000000104e-04,0.000000000000000000e+00,0.000000000000000000e+00,2.513188857618485744e-04
2.739926739926739838e-04,0.000000000000000000e+00,0.000000000000000000e+00,0.000000000000000000e+00,2.508263886149708784e-04
2.739926739926739838e-04,5.000000000000000104e-04,0.000000000000000000e+00,0.000000000000000000e+00,2.505424272729461104e-04
2.739926739926739838e-04,1.000000000000000021e-03,0.000000000000000000e+00,0.000000000000000000e+00,2.503859567717359440e-04
2.789743589743589485e-04,-1.000000000000000021e-03,0.000000000000000000e+00,0.000000000000000000e+00,2.543384341778774107e-04
2.789743589743589485e-04,-5.000000000000000104e-04,0.000000000000000000e+00,0.000000000000000000e+00,2.535593910528060658e-04
2.789743589743589485e-04,0.000000000000000000e+00,0.000000000000000000e+00,0.000000000000000000e+00,2.530531197573023731e-04
2.789743589743589485e-04,5.000000000000000104e-04,0.000000000000000000e+00,0.000000000000000000e+00,2.527639343802303394e-04
2.789743589743589485e-04,1.000000000000000021e-03,0.000000000000000000e+00,0.000000000000000000e+00,2.526063314229555403e-04
2.839560439560439675e-04,-1.000000000000000021e-03,0.000000000000000000e+00,0.000000000000000000e+00,2.565280706694921843e-04
2.839560439560439675e-04,-5.000000000000000104e-04,0.000000000000000000e+00,0.000000000000000000e+00,2.557762615519457768e-04
2.839560439560439675e-04,0.000000000000000000e+00,0.000000000000000000e+00,0.000000000000000000e+00,2.552858319410456281e-04
2.839560439560439675e-04,5.000000000000000104e-04,0.000000000000000000e+00,0.000000000000000000e+00,2.550027792770914736e-04
2.839560439560439675e-04,1.000000000000000021e-03,0.000000000000000000e+00,0.000000000000000000e+00,2.548475163749883902e-04
2.889377289377289323e-04,-1.000000000000000021e-03,0.000000000000000000e+00,0.000000000000000000e+00,2.585102892884219832e-04
2.889377289377289323e-04,-5.000000000000000104e-04,0.000000000000000000e+00,0.000000000000000000e+00,2.577649974381656522e-04
2.889377289377289323e-04,0.000000000000000000e+00,0.000000000000000000e+00,0.000000000000000000e+00,2.572789892486121704e-04
2.889377289377289323e-04,5.000000000000000104e-04,0.000000000000000000e+00,0.000000000000000000e+00,2.569996217328880434e-04
2.889377289377289323e-04,1.000000000000000021e-03,0.000000000000000000e+00,0.000000000000000000e+00,2.568461365338772220e-04
2.939194139194138970e-04,-1.000000000000000021e-03,0.000000000000000000e+00,0.000000000000000000e+00,2.604456288256944683e-04
2.939194139194138970e-04,-5.000000000000000104e-04,0.000000000000000000e+00,0.000000000000000000e+00,2.596925377445418273e-04
2.939194139194138970e-04,0.000000000000000000e+00,0.000000000000000000e+00,0.000000000000000000e+00,2.592020422460883985e-04
2.939194139194138970e-04,5.000000000000000104e-04,0.000000000000000000e+00,0.000000000000000000e+00,2.589207869343960046e-04
2.939194139194138970e-04,1.000000000000000021e-03,0.000000000000000000e+00,0.000000000000000000e+00,2.587673873208586246e-04
2.989010989010988618e-04,-1.000000000000000021e-03,0.000000000000000000e+00,0.000000000000000000e+00,2.620534423819085505e-04
2.989010989010988618e-04,-5.000000000000000104e-04,0.000000000000000000e+00,0.000000000000000000e+00,2.613430052703331419e-04
2.989010989010988618e-04,0.000000000000000000e+00,0.000000000000000000e+00,0.000000000000000000e+00,2.608792347844515855e-04
2.989010989010988618e-04,5.000000000000000104e-04,0.000000000000000000e+00,0.000000000000000000e+00,2.606117414807485478e-04
2.989010989010988618e-04,1.000000000000000021e-03,0.000000000000000000e+00,0.000000000000000000e+00,2.604645456664400030e-04
3.038827838827838808e-04,-1.000000000000000021e-03,0.000000000000000000e+00,0.000000000000000000e+00,2.633079394845595431e-04
3.038827838827838808e-04,-5.000000000000000104e-04,0.000000000000000000e+00,0.000000000000000000e+00,2.626585975549417039e-04
3.038827838827838808e-04,0.000000000000000000e+00,0.000000000000000000e+00,0.000000000000000000e+00,2.622337032228776155e-04
3.038827838827838808e-04,5.000000000000000104e-04,0.000000000000000000e+00,0.000000000000000000e+00,2.619874482846462583e-04
3.038827838827838808e-04,1.000000000000000021e-03,0.000000000000000000e+00,0.000000000000000000e+00,2.618500099367226095e-04
3.088644688644688456e-04,-1.000000000000000021e-03,0.000000000000000000e+00,0.000000000000000000e+00,2.647169419699671607e-04
3.088644688644688456e-04,-5.000000000000000104e-04,0.000000000000000000e+00,0.000000000000000000e+00,2.640924742497507494e-04
3.088644688644688456e-04,0.000000000000000000e+00,0.000000000000000000e+00,0.000000000000000000e+00,2.636849116044786764e-04
3.088644688644688456e-04,5.000000000000000104e-04,0.000000000000000000e+00,0.000000000000000000e+00,2.634492065770424368e-04
3.088644688644688456e-04,1.000000000000000021e-03,0.000000000000000000e+00,0.000000000000000000e+00,2.633173188708047064e-04
3.138461538461538103e-04,-1.000000000000000021e-03,0.000000000000000000e+00,0.000000000000000000e+00,2.662876748054326492e-04
3.138461538461538103e-04,-5.000000000000000104e-04,0.000000000000000000e+00,0.000000000000000000e+00,2.657078341213335907e-04
3.138461538461538103e-04,0.000000000000000000e+00,0.000000000000000000e+00,0.000000000000000000e+00,2.653284165014197296e-04
3.138461538461538103e-04,5.000000000000000104e-04,0.000000000000000000e+00,0.000000000000000000e+00,2.651073519921176309e-04
3.138461538461538103e-04,1.000000000000000021e-03,0.000000000000000000e+00,0.000000000000000000e+00,2.649816176948818595e-04
3.188278388278388293e-04,-1.000000000000000021e-03,0.000000000000000000e+00,0.000000000000000000e+00,2.678359835180179086e-04
3.188278388278388293e-04,-5.000000000000000104e-04,0.000000000000000000e+00,0.000000000000000000e+00,2.673029874441994018e-04
3.188278388278388293e-04,0.000000000000000000e+00,0.000000000000000000e+00,0.000000000000000000e+00,2.669528734246343093e-04
3.188278388278388293e-04,5.000000000000000104e-04,0.000000000000000000e+00,0.000000000000000000e+00,2.667471533222114935e-04
3.188278388278388293e-04,1.000000000000000021e-03,0.000000000000000000e+00,0.000000000000000000e+00,2.666278955013323963e-04
3.238095238095237941e-04,-1.000000000000000021e-03,0.000000000000000000e+00,0.000000000000000000e+00,2.696001289460499576e-04
3.238095238095237941e-04,-5.000000000000000104e-04,0.000000000000000000e+00,0.000000000000000000e+00,2.690535380525214829e-04
3.238095238095237941e-04,0.000000000000000000e+00,0.000000000000000000e+00,0.000000000000000000e+00,2.686961220341898995e-04
3.238095238095237941e-04,5.000000000000000104e-04,0.000000000000000000e+00,0.000000000000000000e+00,2.684876413569861077e-04
3.238095238095237941e-04,1.000000000000000021e-03,0.000000000000000000e+00,0.000000000000000000e+00,2.683675629093145798e-04
3.287912087912087588e-04,-1.000000000000000021e-03,0.000000000000000000e+00,0.000000000000000000e+00,2.712659923246916278e-04
3.287912087912087588e-04,-5.000000000000000104e-04,0.000000000000000000e+00,0.000000000000000000e+00,2.707431464586078753e-04
3.287912087912087588e-04,0.000000000000000000e+00,0.000000000000000000e+00,0.000000000000000000e+00,2.703994647328576630e-04
3.287912087912087588e-04,5.000000000000000104e-04,0.000000000000000000e+00,0.000000000000000000e+00,2.701973544091174117e-04
3.287912087912087588e-04,1.000000000000000021e-03,0.000000000000000000e+00,0.000000000000000000e+00,2.700798247965082192e-04
3.337728937728937778e-04,-1.000000000000000021e-03,0.000000000000000000e+00,0.000000000000000000e+00,2.729461932570764510e-04
3.337728937728937778e-04,-5.000000000000000104e-04,0.000000000000000000e+00,0.000000000000000000e+00,2.724093127862220942e-04
3.337728937728937778e-04,0.000000000000000000e+00,0.000000000000000000e+00,0.000000000000000000e+00,2.720574788797629662e-04
3.337728937728937778e-04,5.000000000000000104e-04,0.000000000000000000e+00,0.000000000000000000e+00,2.718519279969701581e-04
3.337728937728937778e-04,1.000000000000000021e-03,0.000000000000000000e+00,0.000000000000000000e+00,2.717335997293042179e-04
3.387545787545787426e-04,-1.000000000000000021e-03,0.000000000000000000e+00,0.000000000000000000e+00,2.748150889428807066e-04
3.387545787545787426e-04,-5.000000000000000104e-04,0.000000000000000000e+00,0.000000000000000000e+00,2.742313253543680104e-04
3.387545787545787426e-04,0.000000000000000000e+00,0.000000000000000000e+00,0.000000000000000000e+00,2.738501220446756508e-04
3.387545787545787426e-04,5.000000000000000104e-04,0.000000000000000000e+00,0.000000000000000000e+00,2.736290539535405882e-04
3.387545787545787426e-04,1.000000000000000021e-03,0.000000000000000000e+00,0.000000000000000000e+00,2.735047416184039921e-04
3.437362637362637073e-04,-1.000000000000000021e-03,0.000000000000000000e+00,0.000000000000000000e+00,2.765107806634419787e-04
3.437362637362637073e-04,-5.000000000000000104e-04,0.000000000000000000e+00,0.000000000000000000e+00,2.759085792341818880e-04
3.437362637362637073e-04,0.000000000000000000e+00,0.000000000000000000e+00,0.000000000000000000e+00,2.755152501734268360e-04
3.437362637362637073e-04,5.000000000000000104e-04,0.000000000000000000e+00,0.000000000000000000e+00,2.752875681599629065e-04
3.437362637362637073e-04,1.000000000000000021e-03,0.000000000000000000e+00,0.000000000000000000e+00,2.751605775776025408e-04
3.487179487179487263e-04,-1.000000000000000021e-03,0.000000000000000000e+00,0.000000000000000000e+00,2.777756369645258453e-04
3.487179487179487263e-04,-5.000000000000000104e-04,0.000000000000000000e+00,0.000000000000000000e+00,2.771870241062430714e-04
3.487179487179487263e-04,0.000000000000000000e+00,0.000000000000000000e+00,0.000000000000000000e+00,2.768014584430254798e-04
3.487179487179487263e-04,5.000000000000000104e-04,0.000000000000000000e+00,0.000000000000000000e+00,2.765777318987959281e-04
3.487179487179487263e-04,1.000000000000000021e-03,0.000000000000000000e+00,0.000000000000000000e+00,2.764529060874546342e-04
3.536996336996336911e-04,-1.000000000000000021e-03,0.000000000000000000e+00,0.000000000000000000e+00,2.787970121184010167e-04
3.536996336996336911e-04,-5.000000000000000104e-04,0.000000000000000000e+00,0.000000000000000000e+00,2.782066190403608276e-04
3.536996336996336911e-04,0.000000000000000000e+00,0.000000000000000000e+00,0.000000000000000000e+00,2.778210224523909480e-04
3.536996336996336911e-04,5.000000000000000104e-04,0.000000000000000000e+00,0.000000000000000000e+00,2.775988036528014729e-04
3.536996336996336911e-04,1.000000000000000021e-03,0.000000000000000000e+00,0.000000000000000000e+00,2.774756871510358422e-04
3.586813186813186559e-04,-1.000000000000000021e-03,0.000000000000000000e+00,0.000000000000000000e+00,2.794528830085924267e-04
3.586813186813186559e-04,-5.000000000000000104e-04,0.000000000000000000e+00,0.000000000000000000e+00,2.789316431982219002e-04
3.586813186813186559e-04,0.000000000000000000e+00,0.000000000000000000e+00,0.000000000000000000e+00,2.785893489393798713e-04
3.586813186813186559e-04,5.000000000000000104e-04,0.000000000000000000e+00,0.000000000000000000e+00,2.783901393637703029e-04
3.586813186813186559e-04,1.000000000000000021e-03,0.000000000000000000e+00,0.000000000000000000e+00,2.782773406462921584e-04
3.636630036630036206e-04,-1.000000000000000021e-03,0.000000000000000000e+00,0.000000000000000000e+00,2.798889752766672606e-04
3.636630036630036206e-04,-5.000000000000000104e-04,0.000000000000000000e+00,0.000000000000000000e+00,2.794407433508901682e-04
3.636630036630036206e-04,0.000000000000000000e+00,0.000000000000000000e+00,0.000000000000000000e+00,2.791460122067256208e-04
3.636630036630036206e-04,5.000000000000000104e-04,0.000000000000000000e+00,0.000000000000000000e+00,2.789728180218068658e-04
3.636630036630036206e-04,1.000000000000000021e-03,0.000000000000000000e+00,0.000000000000000000e+00,2.788719284199696813e-04
3.686446886446886396e-04,-1.000000000000000021e-03,0.000000000000000000e+00,0.000000000000000000e+00,2.806055424776382912e-04
3.686446886446886396e-04,-5.000000000000000104e-04,0.000000000000000000e+00,0.000000000000000000e+00,2.801914852706096130e-04
3.686446886446886396e-04,0.000000000000000000e+00,0.000000000000000000e+00,0.000000000000000000e+00,2.799202065150170724e-04
3.686446886446886396e-04,5.000000000000000104e-04,0.000000000000000000e+00,0.000000000000000000e+00,2.797603859065726935e-04
3.686446886446886396e-04,1.000000000000000021e-03,0.000000000000000000e+00,0.000000000000000000e+00,2.796663091345879116e-04
3.736263736263736044e-04,-1.000000000000000021e-03,0.000000000000000000e+00,0.000000000000000000e+00,2.814893351911839465e-04
3.736263736263736044e-04,-5.000000000000000104e-04,0.000000000000000000e+00,0.000000000000000000e+00,2.811425425164204724e-04
3.736263736263736044e-04,0.000000000000000000e+00,0.000000000000000000e+00,0.000000000000000000e+00,2.809129554390465337e-04
3.736263736263736044e-04,5.000000000000000104e-04,0.000000000000000000e+00,0.000000000000000000e+00,2.807744076687110910e-04
3.736263736263736044e-04,1.000000000000000021e-03,0.000000000000000000e+00,0.000000000000000000e+00,2.806889883950605875e-04
3.786080586080585691e-04,-1.000000000000000021e-03,0.000000000000000000e+00,0.000000000000000000e+00,2.824977877987169296e-04
3.786080586080585691e-04,-5.000000000000000104e-04,0.000000000000000000e+00,0.000000000000000000e+00,2.821877715603902177e-04
3.786080586080585691e-04,0.000000000000000000e+00,0.000000000000000000e+00,0.000000000000000000e+00,2.819818695807457310e-04
3.786080586080585691e-04,5.000000000000000104e-04,0.000000000000000000e+00,0.000000000000000000e+00,2.818559996257958937e-04
3.786080586080585691e-04,1.000000000000000021e-03,0.000000000000000000e+00,0.000000000000000000e+00,2.817762282062760541e-04
3.835897435897435881e-04,-1.000000000000000021e-03,0.000000000000000000e+00,0.000000000000000000e+00,2.837935566951970052e-04
3.835897435897435881e-04,-5.000000000000000104e-04,0.000000000000000000e+00,0.000000000000000000e+00,2.834881047104492215e-04
3.835897435897435881e-04,0.000000000000000000e+00,0.000000000000000000e+00,0.000000000000000000e+00,2.832851861173025414e-04
3.835897435897435881e-04,5.000000000000000104e-04,0.000000000000000000e+00,0.000000000000000000e+00,2.831611441891241092e-04
3.835897435897435881e-04,1.000000000000000021e-03,0.000000000000000000e+00,0.000000000000000000e+00,2.830822156245566597e-04
3.885714285714285529e-04,-1.000000000000000021e-03,0.000000000000000000e+00,0.000000000000000000e+00,2.850574104846953527e-04
3.885714285714285529e-04,-5.000000000000000104e-04,0.000000000000000000e+00,0.000000000000000000e+00,2.847726980131198827e-04
3.885714285714285529e-04,0.000000000000000000e+00,0.000000000000000000e+00,0.000000000000000000e+00,2.845822943337611606e-04
3.885714285714285529e-04,5.000000000000000104e-04,0.000000000000000000e+00,0.000000000000000000e+00,2.844650510044722603e-04
3.885714285714285529e-04,1.000000000000000021e-03,0.000000000000000000e+00,0.000000000000000000e+00,2.843884070829636400e-04
3.935531135531135176e-04,-1.000000000000000021e-03,0.000000000000000000e+00,0.000000000000000000e+00,2.860888814716337379e-04
3.935531135531135176e-04,-5.000000000000000104e-04,0.000000000000000000e+00,0.000000000000000000e+00,2.858337779969672907e-04
3.935531135531135176e-04,0.000000000000000000e+00,0.000000000000000000e+00,0.000000000000000000e+00,2.856619644711031760e-04
3.935531135531135176e-04,5.000000000000000104e-04,0.000000000000000000e+00,0.000000000000000000e+00,2.855543698945607655e-04
3.935531135531135176e-04,1.000000000000000021e-03,0.000000000000000000e+00,0.000000000000000000e+00,2.854820048745662880e-04
3.985347985347985366e-04,-1.000000000000000021e-03,0.000000000000000000e+00,0.000000000000000000e+00,2.872120370590987510e-04
3.985347985347985366e-04,-5.000000000000000104e-04,0.000000000000000000e+00,0.000000000000000000e+00,2.869381818718740973e-04
3.985347985347985366e-04,0.000000000000000000e+00,0.000000000000000000e+00,0.000000000000000000e+00,2.867557510152346761e-04
3.985347985347985366e-04,5.000000000000000104e-04,0.000000000000000000e+00,0.000000000000000000e+00,2.866432107997013705e-04
3.985347985347985366e-04,1.000000000000000021e-03,0.000000000000000000e+00,0.000000000000000000e+00,2.865697329823614658e-04
4.035164835164835014e-04,-1.000000000000000021e-03,0.000000000000000000e+00,0.000000000000000000e+00,2.882101144347829456e-04
4.035164835164835014e-04,-5.000000000000000104e-04,0.000000000000000000e+00,0.000000000000000000e+00,2.879617262594293754e-04
4.035164835164835014e-04,0.000000000000000000e+00,0.000000000000000000e+00,0.000000000000000000e+00,2.877942458541035307e-04
4.035164835164835014e-04,5.000000000000000104e-04,0.000000000000000000e+00,0.000000000000000000e+00,2.876897030890987581e-04
4.035164835164835014e-04,1.000000000000000021e-03,0.000000000000000000e+00,0.000000000000000000e+00,2.876194983549869148e-04
4.084981684981684662e-04,-1.000000000000000021e-03,0.000000000000000000e+00,0.000000000000000000e+00,2.891089296225974855e-04
4.084981684981684662e-04,-5.000000000000000104e-04,0.000000000000000000e+00,0.000000000000000000e+00,2.888608134047490963e-04
4.084981684981684662e-04,0.000000000000000000e+00,0.000000000000000000e+00,0.000000000000000000e+00,2.886946304108880266e-04
4.084981684981684662e-04,5.000000000000000104e-04,0.000000000000000000e+00,0.000000000000000000e+00,2.885905935904772542e-04
4.084981684981684662e-04,1.000000000000000021e-03,0.000000000000000000e+00,0.000000000000000000e+00,2.885215557062141426e-04
4.134798534798534851e-04,-1.000000000000000021e-03,0.000000000000000000e+00,0.000000000000000000e+00,2.903061045849111474e-04
4.134798534798534851e-04,-5.000000000000000104e-04,0.000000000000000000e+00,0.000000000000000000e+00,2.900192705084723142e-04
4.134798534798534851e-04,0.000000000000000000e+00,0.000000000000000000e+00,0.000000000000000000e+00,2.898290538946066250e-04
4.134798534798534851e-04,5.000000000000000104e-04,0.000000000000000000e+00,0.000000000000000000e+00,2.897132344278372591e-04
4.134798534798534851e-04,1.000000000000000021e-03,0.000000000000000000e+00,0.000000000000000000e+00,2.896392793533835342e-04
4.184615384615384499e-04,-1.000000000000000021e-03,0.000000000000000000e+00,0.000000000000000000e+00,2.915029591974758571e-04
4.184615384615384499e-04,-5.000000000000000104e-04,0.000000000000000000e+00,0.000000000000000000e+00,2.911940865059200394e-04
4.184615384615384499e-04,0.000000000000000000e+00,0.000000000000000000e+00,0.000000000000000000e+00,2.909892009116230743e-04
4.184615384615384499e-04,5.000000000000000104e-04,0.000000000000000000e+00,0.000000000000000000e+00,2.908656688061781511e-04
4.184615384615384499e-04,1.000000000000000021e-03,0.000000000000000000e+00,0.000000000000000000e+00,2.907888702152053371e-04
4.234432234432234147e-04,-1.000000000000000021e-03,0.000000000000000000e+00,0.000000000000000000e+00,2.927298621611229123e-04
4.234432234432234147e-04,-5.000000000000000104e-04,0.000000000000000000e+00,0.000000000000000000e+00,2.923785592774462796e-04
4.234432234432234147e-04,0.000000000000000000e+00,0.000000000000000000e+00,0.000000000000000000e+00,2.921468398172458745e-04
4.234432234432234147e-04,5.000000000000000104e-04,0.000000000000000000e+00,0.000000000000000000e+00,2.920088123538467479e-04
4.234432234432234147e-04,1.000000000000000021e-03,0.000000000000000000e+00,0.000000000000000000e+00,2.919262588777107956e-04
4.284249084249083794e-04,-1.000000000000000021e-03,0.000000000000000000e+00,0.000000000000000000e+00,2.941640203354689022e-04
4.284249084249083794e-04,-5.000000000000000104e-04,0.000000000000000000e+00,0.000000000000000000e+00,2.937417834559248424e-04
4.284249084249083794e-04,0.000000000000000000e+00,0.000000000000000000e+00,0.000000000000000000e+00,2.934653882375672269e-04
4.284249084249083794e-04,5.000000000000000104e-04,0.000000000000000000e+00,0.000000000000000000e+00,2.933039879459128701e-04
4.284249084249083794e-04,1.000000000000000021e-03,0.000000000000000000e+00,0.000000000000000000e+00,2.932118303103642279e-04
4.334065934065933984e-04,-1.000000000000000021e-03,0.000000000000000000e+00,0.000000000000000000e+00,2.955005076860280099e-04
4.334065934065933984e-04,-5.000000000000000104e-04,0.000000000000000000e+00,0.000000000000000000e+00,2.950342310180205309e-04
4.334065934065933984e-04,0.000000000000000000e+00,0.000000000000000000e+00,0.000000000000000000e+00,2.947293259612292844e-04
4.334065934065933984e-04,5.000000000000000104e-04,0.000000000000000000e+00,0.000000000000000000e+00,2.945530824171430670e-04
4.334065934065933984e-04,1.000000000000000021e-03,0.000000000000000000e+00,0.000000000000000000e+00,2.944542923688441786e-04
4.383882783882783632e-04,-1.000000000000000021e-03,0.000000000000000000e+00,0.000000000000000000e+00,2.965335327229143129e-04
4.383882783882783632e-04,-5.000000000000000104e-04,0.000000000000000000e+00,0.000000000000000000e+00,2.960380283373403821e-04
4.383882783882783632e-04,0.000000000000000000e+00,0.000000000000000000e+00,0.000000000000000000e+00,2.957143797517688033e-04
4.383882783882783632e-04,5.000000000000000104e-04,0.000000000000000000e+00,0.000000000000000000e+00,2.955278655326042114e-04
4.383882783882783632e-04,1.000000000000000021e-03,0.000000000000000000e+00,0.000000000000000000e+00,2.954248273933915620e-04
4.433699633699633279e-04,-1.000000000000000021e-03,0.000000000000000000e+00,0.000000000000000000e+00,2.974932664596142669e-04
4.433699633699633279e-04,-5.000000000000000104e-04,0.000000000000000000e+00,0.000000000000000000e+00,2.969450247073329783e-04
4.433699633699633279e-04,0.000000000000000000e+00,0.000000000000000000e+00,0.000000000000000000e+00,2.965891830697489108e-04
4.433699633699633279e-04,5.000000000000000104e-04,0.000000000000000000e+00,0.000000000000000000e+00,2.963863448800461162e-04
4.433699633699633279e-04,1.000000000000000021e-03,0.000000000000000000e+00,0.000000000000000000e+00,2.962773200705277085e-04
4.483516483516483469e-04,-1.000000000000000021e-03,0.000000000000000000e+00,0.000000000000000000e+00,2.981765509694954907e-04
4.483516483516483469e-04,-5.000000000000000104e-04,0.000000000000000000e+00,0.000000000000000000e+00,2.976469318054693618e-04
4.483516483516483469e-04,0.000000000000000000e+00,0.000000000000000000e+00,0.000000000000000000e+00,2.973015567431182195e-04
4.483516483516483469e-04,5.000000000000000104e-04,0.000000000000000000e+00,0.000000000000000000e+00,2.971043400424601389e-04
4.483516483516483469e-04,1.000000000000000021e-03,0.000000000000000000e+00,0.000000000000000000e+00,2.969968782953103957e-04
4.533333333333333117e-04,-1.000000000000000021e-03,0.000000000000000000e+00,0.000000000000000000e+00,2.984046524299348367e-04
4.533333333333333117e-04,-5.000000000000000104e-04,0.000000000000000000e+00,0.000000000000000000e+00,2.979013814054889985e-04
4.533333333333333117e-04,0.000000000000000000e+00,0.000000000000000000e+00,0.000000000000000000e+00,2.975729645949145934e-04
4.533333333333333117e-04,5.000000000000000104e-04,0.000000000000000000e+00,0.000000000000000000e+00,2.973842497715634961e-04
4.533333333333333117e-04,1.000000000000000021e-03,0.000000000000000000e+00,0.000000000000000000e+00,2.972814115787885628e-04
4.583150183150182765e-04,-1.000000000000000021e-03,0.000000000000000000e+00,0.000000000000000000e+00,2.984458645759459306e-04
4.583150183150182765e-04,-5.000000000000000104e-04,0.000000000000000000e+00,0.000000000000000000e+00,2.979792948935524222e-04
4.583150183150182765e-04,0.000000000000000000e+00,0.000000000000000000e+00,0.000000000000000000e+00,2.976751670040411421e-04
4.583150183150182765e-04,5.000000000000000104e-04,0.000000000000000000e+00,0.000000000000000000e+00,2.975005903456109046e-04
4.583150183150182765e-04,1.000000000000000021e-03,0.000000000000000000e+00,0.000000000000000000e+00,2.974046022845886037e-04
4.632967032967032954e-04,-1.000000000000000021e-03,0.000000000000000000e+00,0.000000000000000000e+00,2.981982722050246408e-04
4.632967032967032954e-04,-5.000000000000000104e-04,0.000000000000000000e+00,0.000000000000000000e+00,2.978136727256282582e-04
4.632967032967032954e-04,0.000000000000000000e+00,0.000000000000000000e+00,0.000000000000000000e+00,2.975619940010172985e-04
4.632967032967032954e-04,5.000000000000000104e-04,0.000000000000000000e+00,0.000000000000000000e+00,2.974157955876881071e-04
4.632967032967032954e-04,1.000000000000000021e-03,0.000000000000000000e+00,0.000000000000000000e+00,2.973324807980630706e-04
4.682783882783882602e-04,-1.000000000000000021e-03,0.000000000000000000e+00,0.000000000000000000e+00,2.976910601862702401e-04
4.682783882783882602e-04,-5.000000000000000104e-04,0.000000000000000000e+00,0.000000000000000000e+00,2.974061150934200967e-04
4.682783882783882602e-04,0.000000000000000000e+00,0.000000000000000000e+00,0.000000000000000000e+00,2.972175074885443627e-04
4.682783882783882602e-04,5.000000000000000104e-04,0.000000000000000000e+00,0.000000000000000000e+00,2.971049017982019431e-04
4.682783882783882602e-04,1.000000000000000021e-03,0.000000000000000000e+00,0.000000000000000000e+00,2.970369616770644045e-04
4.732600732600732250e-04,-1.000000000000000021e-03,0.000000000000000000e+00,0.000000000000000000e+00,2.973734482669486531e-04
4.732600732600732250e-04,-5.000000000000000104e-04,0.000000000000000000e+00,0.000000000000000000e+00,2.971692978526546095e-04
4.732600732600732250e-04,0.000000000000000000e+00,0.000000000000000000e+00,0.000000000000000000e+00,2.970322794618896899e-04
4.732600732600732250e-04,5.000000000000000104e-04,0.000000000000000000e+00,0.000000000000000000e+00,2.969473465806293636e-04
4.732600732600732250e-04,1.000000000000000021e-03,0.000000000000000000e+00,0.000000000000000000e+00,2.968918746725110968e-04
4.782417582417582439e-04,-1.000000000000000021e-03,0.000000000000000000e+00,0.000000000000000000e+00,2.973047679905465625e-04
4.782417582417582439e-04,-5.000000000000000104e-04,0.000000000000000000e+00,0.000000000000000000e+00,2.971449322514257410e-04
4.782417582417582439e-04,0.000000000000000000e+00,0.000000000000000000e+00,0.000000000000000000e+00,2.970373105014120123e-04
4.782417582417582439e-04,5.000000000000000104e-04,0.000000000000000000e+00,0.000000000000000000e+00,2.969690146550601605e-04
4.782417582417582439e-04,1.000000000000000021e-03,0.000000000000000000e+00,0.000000000000000000e+00,2.969216495701612894e-04
4.832234432234432087e-04,-1.000000000000000021e-03,0.000000000000000000e+00,0.000000000000000000e+00,2.974438468299076747e-04
4.832234432234432087e-04,-5.000000000000000104e-04,0.000000000000000000e+00,0.000000000000000000e+00,2.973128326784021296e-04
4.832234432234432087e-04,0.000000000000000000e+00,0.000000000000000000e+00,0.000000000000000000e+00,2.972240250485709773e-04
4.832234432234432087e-04,5.000000000000000104e-04,0.000000000000000000e+00,0.000000000000000000e+00,2.971661933625618771e-04
4.832234432234432087e-04,1.000000000000000021e-03,0.000000000000000000e+00,0.000000000000000000e+00,2.971248148945403113e-04
4.882051282051281735e-04,-1.000000000000000021e-03,0.000000000000000000e+00,0.000000000000000000e+00,2.979820346553278907e-04
4.882051282051281735e-04,-5.000000000000000104e-04,0.000000000000000000e+00,0.000000000000000000e+00,2.978822272853982574e-04
4.882051282051281735e-04,0.000000000000000000e+00,0.000000000000000000e+00,0.000000000000000000e+00,2.978130185143719640e-04
4.882051282051281735e-04,5.000000000000000104e-04,0.000000000000000000e+00,0.000000000000000000e+00,2.977660608213317304e-04
4.882051282051281735e-04,1.000000000000000021e-03,0.000000000000000000e+00,0.000000000000000000e+00,2.977294573458751960e-04
4.931868131868131925e-04,-1.000000000000000021e-03,0.000000000000000000e+00,0.000000000000000000e+00,2.987896582181753195e-04
4.931868131868131925e-04,-5.000000000000000104e-04,0.000000000000000000e+00,0.000000000000000000e+00,2.987221883166614358e-04
4.931868131868131925e-04,0.000000000000000000e+00,0.000000000000000000e+00,0.000000000000000000e+00,2.986733477312695649e-04
4.931868131868131925e-04,5.000000000000000104e-04,0.000000000000000000e+00,0.000000000000000000e+00,2.986373772149283814e-04
4.931868131868131925e-04,1.000000000000000021e-03,0.000000000000000000e+00,0.000000000000000000e+00,2.986051745122105818e-04
4.981684981684981030e-04,-1.000000000000000021e-03,0.000000000000000000e+00,0.000000000000000000e+00,2.997940334984598482e-04
4.981684981684981030e-04,-5.000000000000000104e-04,0.000000000000000000e+00,0.000000000000000000e+00,2.997391748558753686e-04
4.981684981684981030e-04,0.000000000000000000e+00,0.000000000000000000e+00,0.000000000000000000e+00,2.996983940434193023e-04
4.981684981684981030e-04,5.000000000000000104e-04,0.000000000000000000e+00,0.000000000000000000e+00,2.996662424079799469e-04
4.981684981684981030e-04,1.000000000000000021e-03,0.000000000000000000e+00,0.000000000000000000e+00,2.996357918487360227e-04
